id,source_path,sha256,curated_destination,public_destination,match_basis,confidence,code_usage,notes
cf-d4d49b6cf28d,Auszeichnungen/F.A.Z Institut - TOP Makler 2026/FAZ Ausgabe TOP Makler 2026 Immonaiton.jpg,d4d49b6cf28d5772a3c83e68ad40735cd919bf032353eb820403798ccb4b2b91,assets/media-library/trust/awards/faz-top-makler-2026/award-letter-2026.jpg,,no-public-derivative-identified,n/a,,Curated source may still be reusable; no verified public derivative is recorded.
cf-5ab46b57f80d,Auszeichnungen/F.A.Z Institut - TOP Makler 2026/TOP Makler 2026 Immonation .jpg,5ab46b57f80d8bda5749eaffe6b8dafc269a29a701e72b45161b8fabafb35752,assets/media-library/trust/awards/faz-top-makler-2026/generic-award-kit-mockup.jpg,,no-public-derivative-identified,n/a,,Curated source may still be reusable; no verified public derivative is recorded.
cf-5ca9653e9909,Auszeichnungen/F.A.Z Institut - TOP Makler 2026/Unbenanntes Dokument.docx,5ca9653e9909fdc4ee2c75f400425a4353aeae3f3ce73052f61ee956c0469bc3,docs/source-material/originals/content/auszeichnungen/f-a-z-institut-top-makler-2026/auszeichnungen-f-a-z-institut-top-makler-2026-unbenanntes-dokument.docx,,no-public-derivative-identified,n/a,,Curated source may still be reusable; no verified public derivative is recorded.
cf-e219ce30b831,Auszeichnungen/Immowelt/Immowelt Auszeichnung 2024.png,e219ce30b831efbee431f068534c758a64a9d6883920e4a4549337ac7ad10223,assets/media-library/trust/awards/immowelt/immowelt-auszeichnung-2024.png,,no-public-derivative-identified,n/a,,Curated source may still be reusable; no verified public derivative is recorded.
cf-7b1744da1495,Auszeichnungen/Immowelt/Immowelt Auszeichnung 2026.png,7b1744da1495ebf39bbb62393a54723b38d48ed2fe8cb4b9e5b232038f6efb7c,assets/media-library/trust/awards/immowelt/immowelt-auszeichnung-2026.png,,no-public-derivative-identified,n/a,,Curated source may still be reusable; no verified public derivative is recorded.
cf-e8ef405c4c6a,Auszeichnungen/Immowelt/Immowelt Partner Icon.png,e8ef405c4c6ad503167fb6c9f6548539956aa1571869c43c3442a15fa84fa7a8,assets/media-library/trust/awards/immowelt/immowelt-partner-icon.png,public/images/partners/immowelt-business-partner.webp,perceptual-fingerprint,verified-high,src/components/site/home/partners.tsx,Resized WebP derivative; perceptual hash differs only by conversion noise.
cf-b6e82e90f374,Bewertungsseite/Immonation_Text_Echte_Bewertungen.docx,b6e82e90f3745364115c13fae23f7023d7a4132c97be6d42e10942a1319f507a,docs/source-material/originals/content/bewertungsseite/bewertungsseite/bewertungsseite-immonation-text-echte-bewertungen.docx,,no-public-derivative-identified,n/a,,Curated source may still be reusable; no verified public derivative is recorded.
cf-d707188cacb2,Bodenrichtwert - Seite/Bodenrichtwert.docx,d707188cacb22f3d547b96e360821631e4424c48f0a9a1fc5b626c3fe20b5484,docs/source-material/originals/content/bodenrichtwert-seite/bodenrichtwert-seite/bodenrichtwert-seite-bodenrichtwert.docx,,no-public-derivative-identified,n/a,,Curated source may still be reusable; no verified public derivative is recorded.
cf-97d8363322d9,FAQ - Vorschläge/Unbenanntes Dokument.docx,97d8363322d9fd3184bb501932e983d668d509737a696e12e5b6770118e163b6,docs/source-material/originals/content/faq-vorschlaege/faq-vorschlaege/faq-vorschlaege-unbenanntes-dokument.docx,,no-public-derivative-identified,n/a,,Curated source may still be reusable; no verified public derivative is recorded.
cf-88d17d6376da,Immobilie verkaufen 4 Seiten je Art/Haus verkaufen_.docx,88d17d6376dad19c7e952f215d17104c886011589581bbfa9431c81175480bd8,docs/source-material/originals/content/immobilie-verkaufen-4-seiten-je-art/immobilie-verkaufen-4-seiten-je-art/immobilie-verkaufen-4-seiten-je-art-haus-verkaufen.docx,,no-public-derivative-identified,n/a,,Curated source may still be reusable; no verified public derivative is recorded.
cf-a5da424069c5,Immobilie verkaufen 4 Seiten je Art/Mehrfamilienhaus verkaufen.docx,a5da424069c50eaf1ab2473da415f6bf6cbfc03122813146e8661e1e08deb712,docs/source-material/originals/content/immobilie-verkaufen-4-seiten-je-art/immobilie-verkaufen-4-seiten-je-art/immobilie-verkaufen-4-seiten-je-art-mehrfamilienhaus-verkaufen.docx,,no-public-derivative-identified,n/a,,Curated source may still be reusable; no verified public derivative is recorded.
cf-e5d582a05dab,Immobilie verkaufen 4 Seiten je Art/Wohnung verkaufen_.docx,e5d582a05dab86d7c9d1de2523f298002134a41627b272768dafe8e1a46e98d3,docs/source-material/originals/content/immobilie-verkaufen-4-seiten-je-art/immobilie-verkaufen-4-seiten-je-art/immobilie-verkaufen-4-seiten-je-art-wohnung-verkaufen.docx,,no-public-derivative-identified,n/a,,Curated source may still be reusable; no verified public derivative is recorded.
cf-f9eff6317b28,Inhouse Ingenieur/nicht aktzeptierter Grundriss von Banken .jpg,f9eff6317b28ba6cb7866339d4f7ce27532b560d87a139bdbee0cc95c4f9a3a2,assets/media-library/services/inhouse-engineering/nicht-aktzeptierter-grundriss-von-banken.jpg,,no-public-derivative-identified,n/a,,Curated source may still be reusable; no verified public derivative is recorded.
cf-e3ef2578c063,KI Visualisierungen/Eigentumswohnung Visualisierung/ETW Panzerstraße Nürnberg/KI Video.mp4,e3ef2578c063ac44f7121e83b01ef8ab28b760c41e224108c6741b8146d83497,assets/media-library/marketing/visualizations/eigentumswohnung-visualisierung/etw-panzerstrasse-nuernberg/visualization-video.mp4,,no-public-derivative-identified,n/a,,Curated source may still be reusable; no verified public derivative is recorded.
cf-9a560ee3b9a1,KI Visualisierungen/Eigentumswohnung Visualisierung/ETW Vogelherdstraße Zirndorf/Imagevideo.mp4,9a560ee3b9a10b0dcc5766fea8e4aa265cbb1669395c485d2fffcdbc32e25cb2,assets/media-library/marketing/visualizations/eigentumswohnung-visualisierung/etw-vogelherdstrasse-zirndorf/visualization-video.mp4,,no-public-derivative-identified,n/a,,Curated source may still be reusable; no verified public derivative is recorded.
cf-a4383caa501c,KI Visualisierungen/Grundstück Visualisuerung/Schwabach Wolkersdorf/Bild - Visualisierung.png,a4383caa501cd4e2a3a3f7ff46fad7e89c5d855f11fce5347bbae16c13fc707f,assets/media-library/marketing/visualizations/grundstueck-visualisuerung/schwabach-wolkersdorf/visualization-image.png,,no-public-derivative-identified,n/a,,Curated source may still be reusable; no verified public derivative is recorded.
cf-3d967e9e9f99,KI Visualisierungen/Grundstück Visualisuerung/Schwabach Wolkersdorf/Video - Visualisierung.mp4,3d967e9e9f99b7086927e14f60b100944a16a28abba851b0c0f09104914d90df,assets/media-library/marketing/visualizations/grundstueck-visualisuerung/schwabach-wolkersdorf/visualization-video.mp4,public/immonation-presentation-video.mp4,exact-sha256,exact,src/components/site/home/premium-marketing-system.tsx; src/components/site/home/virtual-tour.tsx,Byte-identical public file.
cf-82f4ac44a5a7,KI Visualisierungen/Haus Visualisierung/RMH Wörnitzstraße/KI Video.mp4,82f4ac44a5a74f92094116ce01ab9567f39b638adfe157bbe57aecaf4f65798e,assets/media-library/marketing/visualizations/haus-visualisierung/rmh-woernitzstrasse/visualization-video.mp4,,no-public-derivative-identified,n/a,,Curated source may still be reusable; no verified public derivative is recorded.
cf-91e3ec7b9b33,Kostenlose Dokumente/Protokoll Hausübergabe - (VER)Kauf.pdf,91e3ec7b9b3393927ca8e4236b57d3fdd746b76b2be6937ba1eef37c57c92fc1,assets/media-library/downloads/handover-templates/house-handover-protocol.pdf,,no-public-derivative-identified,n/a,,Curated source may still be reusable; no verified public derivative is recorded.
cf-d95f8e8d2f7f,Kostenlose Dokumente/Protokoll Wohnungsübergabe - (VER)Kauf.pdf,d95f8e8d2f7fffb87764cf3dfb125573cabf86edd0adf0cdf1ba208d56442829,assets/media-library/downloads/handover-templates/apartment-handover-protocol.pdf,,no-public-derivative-identified,n/a,,Curated source may still be reusable; no verified public derivative is recorded.
cf-ea0de2009943,Logos Immonation/01bb9a16-f561-444e-9fa6-e3cddac28c0f.jpg,ea0de20099435a29f1e15f5214a6d33cbdc76a808b441b857877e52cceb8bd3a,assets/media-library/brand/immonation/immonation-logo-photo.jpg,,no-public-derivative-identified,n/a,,Curated source may still be reusable; no verified public derivative is recorded.
cf-42f2145f8f4e,Logos Immonation/33 - Immonation Facelift Logo-Grey.png,42f2145f8f4eb48e92a611a1e89b6ff51c0f9864aaf64782512106e9151bfa8f,assets/media-library/brand/immonation/immonation-logo-grey.png,public/immonation-logo-white-text.png,visual-inspection-and-shared-geometry,verified-high,src/components/site/site-footer.tsx; src/components/site/site-header.tsx,Transparent web derivative with light text; same 1698x326 geometry and logo artwork.
cf-42f2145f8f4e,Logos Immonation/33 - Immonation Facelift Logo-Grey.png,42f2145f8f4eb48e92a611a1e89b6ff51c0f9864aaf64782512106e9151bfa8f,assets/media-library/brand/immonation/immonation-logo-grey.png,public/immonation-logo.png,visual-inspection-and-shared-geometry,verified-high,docs/design/immonation-design-system-v2.dc.html; docs/design/immonation-homepage-v2.dc.html; src/components/site/home/hero.tsx; src/components/site/site-header.tsx,Transparent web derivative with dark text; same 1698x326 geometry and logo artwork.
cf-efb622b2c1ad,Logos Immonation/33 - Immonation Facelift Logo.jpg,efb622b2c1ad691fb5507c9e84bc51c0aa352242b20abd11784c1f93071fbf96,assets/media-library/brand/immonation/immonation-logo-facelift.jpg,,no-public-derivative-identified,n/a,,Curated source may still be reusable; no verified public derivative is recorded.
cf-0162196808dc,Logos Immonation/Einzelnes I/PNG transparenter HIntergrund/1.png,0162196808dcc3c2feedd7e3115548c856dcd2a9ef4c970ed73f70803bf2c617,assets/media-library/brand/immonation/immonation-mark-transparent-1.png,,no-public-derivative-identified,n/a,,Curated source may still be reusable; no verified public derivative is recorded.
cf-aa5765a333e6,Logos Immonation/Einzelnes I/PNG/2.png,aa5765a333e6228408fbc04ecdefbead25537c27b37897b2e161b5306469573c,assets/media-library/brand/immonation/immonation-mark-solid-2.png,,no-public-derivative-identified,n/a,,Curated source may still be reusable; no verified public derivative is recorded.
cf-f3e55de9d721,Logos Immonation/Immonation - Stempel Vorlage SW.png,f3e55de9d7214bfe2378ee7bae14db54d6957629bcee20a921e6e34117583c02,assets/media-library/brand/immonation/immonation-stamp-black-white.png,,no-public-derivative-identified,n/a,,Curated source may still be reusable; no verified public derivative is recorded.
cf-4e88e0687a15,Logos Immonation/LOGO Vektor.pdf,4e88e0687a15eade8136be6d9e37953b55ea8e6b78cd1e5c6bba4033763c867a,assets/media-library/brand/immonation/immonation-logo-vector.pdf,,no-public-derivative-identified,n/a,,Curated source may still be reusable; no verified public derivative is recorded.
cf-95409df78069,Logos Immonation/logo4.png,95409df780693f82ff0376ca06f5d56d19bf0326e826f020f3a6e581722d6a09,assets/media-library/brand/immonation/immonation-logo-variant-04.png,,no-public-derivative-identified,n/a,,Curated source may still be reusable; no verified public derivative is recorded.
cf-e297e1dacb45,Nischen für Google - KI Suchen/Nischen_.docx,e297e1dacb45b5490fca4a604c8ad5ee5d725eada8ed61c0601d28343cb5232d,docs/source-material/originals/content/nischen-fuer-google-ki-suchen/nischen-fuer-google-ki-suchen/nischen-fuer-google-ki-suchen-nischen.docx,,no-public-derivative-identified,n/a,,Curated source may still be reusable; no verified public derivative is recorded.
cf-d3bb75c4172e,Patent Immonation/Zertifikat Marke Immonation.PDF,d3bb75c4172e6d1f650a29d4f0859f3ede1c920443ac622411357846b98a72ef,assets/Zertifikat Marke Immonation.PDF,,no-public-derivative-identified,n/a,,Legal evidence only; never a public derivative.
cf-e859af64304c,Referenz Objekte/Adelsdorf/RMH - Reuthseering/_DSC2868.JPG,e859af64304c2aa8e6995b804f22f1b3e7604fdcecc009db8e614f079169c0bc,assets/media-library/references/adelsdorf/rmh-reuthseering/property-photo-01.jpg,,no-public-derivative-identified,n/a,,Curated source may still be reusable; no verified public derivative is recorded.
cf-7d7db2566e6e,Referenz Objekte/Adelsdorf/RMH - Reuthseering/_DSC2873.JPG,7d7db2566e6ebc6079035f39d103985717186a65883fd214784110f5b365c28d,assets/media-library/references/adelsdorf/rmh-reuthseering/property-photo-02.jpg,,no-public-derivative-identified,n/a,,Curated source may still be reusable; no verified public derivative is recorded.
cf-231f6e3afb9b,Referenz Objekte/Adelsdorf/RMH - Reuthseering/_DSC2889.JPG,231f6e3afb9bb8c183c59e0386e8ef418b0d9b8895a91b2de3686d123292ab2b,assets/media-library/references/adelsdorf/rmh-reuthseering/property-photo-03.jpg,,no-public-derivative-identified,n/a,,Curated source may still be reusable; no verified public derivative is recorded.
cf-76fb938ffe4d,Referenz Objekte/Bewertungen - Referenzobjekt Kunden .docx,76fb938ffe4d12cdbe29b5791eeb3d8e416a48a834769230e28b67993f4ab3a8,docs/source-material/originals/content/referenz-objekte/referenz-objekte/referenz-objekte-bewertungen-referenzobjekt-kunden.docx,,no-public-derivative-identified,n/a,,Curated source may still be reusable; no verified public derivative is recorded.
cf-ec2ff235ff46,Referenz Objekte/Deining/ETW Bürgermeister Keckl Str/11.jpg,ec2ff235ff4615608b2939ce4061fd19b400b0dc63645d3bad8bbd3acd8d9724,assets/media-library/references/deining/etw-buergermeister-keckl-str/property-photo-01.jpg,public/images/references/deining-neubauwohnung.webp,perceptual-fingerprint,verified-high,src/lib/content/references.ts,Cropped and resized WebP derivative.
cf-8532a14757f8,Referenz Objekte/Erlangen/ETW Luise Kisselbach Str/_DSC3092.JPG,8532a14757f8ee5fd41993c0b6a6afefdb6f8d9e031eafd6c632b9bee407a4a2,assets/media-library/references/erlangen/etw-luise-kisselbach-str/property-photo-01.jpg,public/images/references/erlangen-eigentumswohnung.webp,perceptual-fingerprint,verified-high,src/lib/content/references.ts,Cropped and resized WebP derivative.
cf-fb74678103a6,Referenz Objekte/Erlangen/ETW Luise Kisselbach Str/_DSC3112.JPG,fb74678103a641831683eb3a74d848a2657a64ec5288a50aa228b7fe928e9c27,assets/media-library/references/erlangen/etw-luise-kisselbach-str/property-photo-02.jpg,,no-public-derivative-identified,n/a,,Curated source may still be reusable; no verified public derivative is recorded.
cf-d3bbe2c41b1e,Referenz Objekte/Forchheim/ETW Spieläcker Str/_DSC2369.JPG,d3bbe2c41b1e946ec0f10ccb2687ddb4d27a828ccbcb77f28464fa38cd086f51,assets/media-library/references/forchheim/etw-spielaecker-str/property-photo-01.jpg,public/images/references/forchheim-eigentumswohnung.webp,perceptual-fingerprint,verified-high,src/lib/content/references.ts,Cropped and resized WebP derivative.
cf-beb9e4f4af9d,Referenz Objekte/Forchheim/Townhouse Katzensteinstraße/_DSC2243.JPG,beb9e4f4af9d0bc322a1a1fe9400bc7e7d52ab14acd1066b3e180c9b2fb58653,assets/media-library/references/forchheim/townhouse-katzensteinstrasse/property-photo-01.jpg,public/images/references/forchheim-reihenhaus.webp,perceptual-fingerprint,verified-high,src/lib/content/references.ts,Cropped and resized WebP derivative.
cf-b391b0d2cb08,Referenz Objekte/Forchheim/Townhouse Katzensteinstraße/_DSC2244.JPG,b391b0d2cb08f5f635b43fc06b26bed8ae9a4097ba4a2fdd95441948e6d422fa,assets/media-library/references/forchheim/townhouse-katzensteinstrasse/property-photo-02.jpg,,no-public-derivative-identified,n/a,,Curated source may still be reusable; no verified public derivative is recorded.
cf-ffc7296c03c4,Referenz Objekte/Fürth/ETW Kellermannstraße/_DSC0204.JPG,ffc7296c03c467c4201a82d30d1d39bff4aac43d05b89b859e5053a6b5c7cf42,assets/media-library/references/fuerth/etw-kellermannstrasse/property-photo-01.jpg,public/images/references/fuerth-altbauwohnung.webp,perceptual-fingerprint,verified-high,src/lib/content/references.ts,Cropped and resized WebP derivative.
cf-9e2913447883,Referenz Objekte/Fürth/ETW Kellermannstraße/_DSC0209.JPG,9e29134478839be92c5945b1be0473fe33a61a24275819bbd7613822e8fb9fd8,assets/media-library/references/fuerth/etw-kellermannstrasse/property-photo-02.jpg,,no-public-derivative-identified,n/a,,Curated source may still be reusable; no verified public derivative is recorded.
cf-7982712d9c8f,Referenz Objekte/Fürth/ETW Ludwigstraße/_DSC4063.jpg,7982712d9c8f5c12e29c50d365e9069ba6f34dc6746faf9f5af07270c95e9fd0,assets/media-library/references/fuerth/etw-ludwigstrasse/property-photo-01.jpg,public/images/references/fuerth-renovierte-wohnung.webp,perceptual-fingerprint,verified-high,src/lib/content/references.ts,Cropped and resized WebP derivative.
cf-7c13153b6082,Referenz Objekte/Fürth/ETW Ludwigstraße/_DSC4068.jpg,7c13153b608223863652db7b628b005ddfb7845c6ed8a90228359c87ccdf3456,assets/media-library/references/fuerth/etw-ludwigstrasse/property-photo-02.jpg,,no-public-derivative-identified,n/a,,Curated source may still be reusable; no verified public derivative is recorded.
cf-9b6be1f87cf3,Referenz Objekte/Fürth/ETW Ludwigstraße/_DSC4073.jpg,9b6be1f87cf31167ee1cf9b5d41cf295649f7fd1cefc834d9713f567298f9ef7,assets/media-library/references/fuerth/etw-ludwigstrasse/property-photo-03.jpg,,no-public-derivative-identified,n/a,,Curated source may still be reusable; no verified public derivative is recorded.
cf-c05878c8483b,Referenz Objekte/Fürth/Medizinisches Versorgungszentrum Fürth/_DSC0489.JPG,c05878c8483bf180c17234176b9954ea7fc59191c4c8712a16b877e44ecd65ca,assets/media-library/references/fuerth/medizinisches-versorgungszentrum-fuerth/property-photo-01.jpg,public/images/references/fuerth-versorgungszentrum.webp,perceptual-fingerprint,verified-high,src/lib/content/references.ts,Cropped and resized WebP derivative.
cf-a18317257f56,Referenz Objekte/Fürth/MFH Ottostraße/_DSC2845.JPG,a18317257f566db90c35b8ab5582c65f59c491c9033dad115d312886bc0c8ab4,assets/media-library/references/fuerth/mfh-ottostrasse/property-photo-01.jpg,public/images/references/fuerth-mehrfamilienhaus.webp,perceptual-fingerprint,verified-high,src/lib/content/references.ts,Cropped and resized WebP derivative.
cf-3aca95e7ef7a,Referenz Objekte/Heroldsbach/ZFH Am Vogelherd/_DSC3863.jpg,3aca95e7ef7abba880604efffda8d6e2d50ab690eca66d5c501c9fa429299db5,assets/media-library/references/heroldsbach/zfh-am-vogelherd/property-photo-01.jpg,public/images/references/heroldsbach-mehrfamilienhaus.webp,perceptual-fingerprint,verified-high,src/lib/content/references.ts,Cropped and resized WebP derivative.
cf-9bcb5d232cde,Referenz Objekte/Heroldsbach/ZFH Am Vogelherd/_DSC3877.jpg,9bcb5d232cde1b86f373bf130b2418b9b864519676d3a1cdd5999d08231aeb46,assets/media-library/references/heroldsbach/zfh-am-vogelherd/property-photo-02.jpg,,no-public-derivative-identified,n/a,,Curated source may still be reusable; no verified public derivative is recorded.
cf-94c5ebd59aae,Referenz Objekte/Immonation_Referenztexte.docx,94c5ebd59aae320185fe05ebc1b11550b41c96af7b7d19e3cc678a25451dbc31,docs/source-material/originals/content/referenz-objekte/referenz-objekte/referenz-objekte-immonation-referenztexte.docx,,no-public-derivative-identified,n/a,,Curated source may still be reusable; no verified public derivative is recorded.
cf-e8550cb35c95,Referenz Objekte/Langenzenn/ETW Lenzenstraße/11111111.JPG,e8550cb35c95a460369b2b57dc354be40418534eebbfb313f0cc7c04d699efb9,assets/media-library/references/langenzenn/etw-lenzenstrasse/property-photo-01.jpg,public/images/references/langenzenn-terrassenwohnung.webp,perceptual-fingerprint,verified-high,src/lib/content/references.ts,Cropped and resized WebP derivative.
cf-895ef201e078,Referenz Objekte/Langenzenn/ETW Lenzenstraße/9999999.JPG,895ef201e078a4231d2c98084f0ba9f7b1dd6c5536d0dc5c1287374da5e2db01,assets/media-library/references/langenzenn/etw-lenzenstrasse/property-photo-02.jpg,,no-public-derivative-identified,n/a,,Curated source may still be reusable; no verified public derivative is recorded.
cf-25e14d28ba1b,Referenz Objekte/Nürnberg/EFH Seidelbastweg/_DSC3904.jpg,25e14d28ba1bdb79b7d2531bd1506c9594335f24c453dc0364998a6e14b00ea5,assets/media-library/references/nuernberg/efh-seidelbastweg/property-photo-02.jpg,,no-public-derivative-identified,n/a,,Curated source may still be reusable; no verified public derivative is recorded.
cf-f953cf66b994,Referenz Objekte/Nürnberg/EFH Seidelbastweg/DJI_0028-2.jpg,f953cf66b9949229e68544a0f87b99fd7c7083bdf326163bac9b3b3cc39fb0e5,assets/media-library/references/nuernberg/efh-seidelbastweg/property-photo-01.jpg,public/images/references/nuernberg-einfamilienhaus.webp,visual-inspection,verified-high,src/lib/content/references.ts,Cropped and resized WebP derivative of the aerial photograph.
cf-993f17fe36fa,Referenz Objekte/Nürnberg/ETW Stabiusstraße/_DSC6043.jpg,993f17fe36fab2057fdb5abf830119449c12ead85c1ad3ce51b9adfc6db946f3,assets/media-library/references/nuernberg/etw-stabiusstrasse/property-photo-01.jpg,public/images/references/nuernberg-eigentumswohnung.webp,perceptual-fingerprint,verified-high,src/lib/content/references.ts,Cropped and resized WebP derivative.
cf-c6d49c6e7976,Referenz Objekte/Nürnberg/ETW Züricher Str. 40/_DSC5188.jpg,c6d49c6e7976cfee3de7bc28ac45ee90226b196249ac62a1b9ed876ec52af56c,assets/media-library/references/nuernberg/etw-zuericher-str-40/property-photo-01.jpg,,no-public-derivative-identified,n/a,,Curated source may still be reusable; no verified public derivative is recorded.
cf-223f1e9c4644,Referenz Objekte/Nürnberg/REH Siebenbürger Str/_DSC2275.JPG,223f1e9c4644da1bc15d92f4eca61c78ff20c84c527fcb2a2576b504b80b456e,assets/media-library/references/nuernberg/reh-siebenbuerger-str/property-photo-01.jpg,public/images/references/nuernberg-reihenendhaus.webp,perceptual-fingerprint,verified-high,src/lib/content/references.ts,Cropped and resized WebP derivative.
cf-6dd1f8a65824,Referenz Objekte/Nürnberg/REH Siebenbürger Str/_DSC2299.JPG,6dd1f8a6582411778e7a8dd1fa6dd37623e4ab8902da81c2f7d8e4fab52c686f,assets/media-library/references/nuernberg/reh-siebenbuerger-str/property-photo-02.jpg,,no-public-derivative-identified,n/a,,Curated source may still be reusable; no verified public derivative is recorded.
cf-6eb31ac92d01,Referenz Objekte/Nürnberg/RMH Haderastraße/_DSC9345-HDR.jpg,6eb31ac92d0105c7bf4c618a5a27ebd058fd88267289d938136c6d33e3c25978,assets/media-library/references/nuernberg/rmh-haderastrasse/property-photo-01.jpg,,no-public-derivative-identified,n/a,,Curated source may still be reusable; no verified public derivative is recorded.
cf-44d16f19c71f,Referenz Objekte/Nürnberg/RMH Wörnitzstraße/_DSC6085.jpg,44d16f19c71f3c59feb937cbe12aee4c2627e666b001b7b86ca46095d9af953d,assets/media-library/references/nuernberg/rmh-woernitzstrasse/property-photo-01.jpg,,no-public-derivative-identified,n/a,,Curated source may still be reusable; no verified public derivative is recorded.
cf-a636c4a54be0,Referenz Objekte/Oberasbach/EFH Bucher Straße/22222222.JPG,a636c4a54be0c40cf3c424c7f9bed28521d026deaa11e5c70fe52678e408723b,assets/media-library/references/oberasbach/efh-bucher-strasse/property-photo-01.jpg,public/images/references/oberasbach-einfamilienhaus.webp,perceptual-fingerprint-and-visual-inspection,verified-high,src/lib/content/references.ts,Cropped and resized WebP derivative.
cf-d00706062580,Referenz Objekte/Oberasbach/EFH Bucher Straße/5555555.JPG,d0070606258078f03b2525bae8264023c4eb3c2b2337d2160b8bc90d6cdcb43c,assets/media-library/references/oberasbach/efh-bucher-strasse/property-photo-02.jpg,,no-public-derivative-identified,n/a,,Curated source may still be reusable; no verified public derivative is recorded.
cf-21373cb91616,Referenz Objekte/Zirndorf/Gutenbergstraße/_DSC4622.jpg,21373cb91616a28271db75592eeb568cd8dee639a1cbcc8773f0cc60ccf14184,assets/media-library/references/zirndorf/gutenbergstrasse/property-photo-01.jpg,,no-public-derivative-identified,n/a,,Curated source may still be reusable; no verified public derivative is recorded.
cf-9da02ac67c1b,Referenz Objekte/Zirndorf/Homburger Str/_DSC1853.JPG,9da02ac67c1b3775e68c3731b555813814743b84b370530b6897b94af0367ad0,assets/media-library/references/zirndorf/homburger-str/property-photo-01.jpg,,no-public-derivative-identified,n/a,,Curated source may still be reusable; no verified public derivative is recorded.
cf-272c4bbf894a,Referenz Objekte/Zirndorf/Homburger Str/_DSC1854.JPG,272c4bbf894a617d443d4487f29b67b040100a4dbf7ef1ff8fbdc35bdd3c989c,assets/media-library/references/zirndorf/homburger-str/property-photo-02.jpg,,no-public-derivative-identified,n/a,,Curated source may still be reusable; no verified public derivative is recorded.
cf-b9ebe2a12a21,Referenz Objekte/Zirndorf/Marienbader Str/4444.JPG,b9ebe2a12a215f4b0f18708db3d210d5ae1368e5e0e359cd7caf884fece7a2ac,assets/media-library/references/zirndorf/marienbader-str/property-photo-01.jpg,,no-public-derivative-identified,n/a,,Curated source may still be reusable; no verified public derivative is recorded.
cf-e8cc4cdbe7f1,Referenz Objekte/Zirndorf/Marienbader Str/_DSC2643.JPG,e8cc4cdbe7f19474c697385f8d2c3ba3c6be8d58d1d48532522ad38d6062f9c2,assets/media-library/references/zirndorf/marienbader-str/property-photo-02.jpg,,no-public-derivative-identified,n/a,,Curated source may still be reusable; no verified public derivative is recorded.
cf-84f9d4bb45e0,Referenz Objekte/Zirndorf/Vogelherdstraße/_DSC7024.jpg,84f9d4bb45e0bfd764856513683b7ccf17adaf59fb47aaf2a5c73f46a8b2ac7c,assets/media-library/references/zirndorf/vogelherdstrasse/property-photo-01.jpg,public/images/references/zirndorf-gartenwohnung.webp,perceptual-fingerprint,verified-high,src/app/[locale]/references/page.tsx; src/lib/content/references.ts,Cropped and resized WebP derivative.
cf-d1359bc4509e,Referenz Objekte/Zirndorf/Vogelherdstraße/_DSC7051.jpg,d1359bc4509eef9bb3974ab17e28ea854564551b18a4bff720139af1f5253575,assets/media-library/references/zirndorf/vogelherdstrasse/property-photo-02.jpg,,no-public-derivative-identified,n/a,,Curated source may still be reusable; no verified public derivative is recorded.
cf-defa8e6a2b35,Spende Schulbildung Uganda/IMG_0012.HEIC,defa8e6a2b358b8b14ee4767d118387211d5bb4a22a702f24a6303274196ef0a,assets/media-library/community/uganda-school-support/img-0012.heic,,no-public-derivative-identified,n/a,,Curated source may still be reusable; no verified public derivative is recorded.
cf-d7ef832c09df,Spende Schulbildung Uganda/IMG_0019.HEIC,d7ef832c09df8dc390232057e9e266bcc22381cf2ddbae825851cffd653cd813,assets/media-library/community/uganda-school-support/img-0019.heic,,no-public-derivative-identified,n/a,,Curated source may still be reusable; no verified public derivative is recorded.
cf-7753be476dd1,Spende Schulbildung Uganda/IMG_0817.JPG.jpeg,7753be476dd14da333141a4bc074dad96ee948696915cbc37aaee3b66cdf6ad7,assets/media-library/community/uganda-school-support/img-0817-jpg.jpg,,no-public-derivative-identified,n/a,,Curated source may still be reusable; no verified public derivative is recorded.
cf-8e36036cf683,Spende Schulbildung Uganda/IMG_9998.HEIC,8e36036cf683f2ef87f2d73c653d4634b1f39af5c20b32405cb4b221f29956a2,assets/media-library/community/uganda-school-support/img-9998.heic,,no-public-derivative-identified,n/a,,Curated source may still be reusable; no verified public derivative is recorded.
cf-19abf3c62057,Sponsoring TSV Zirndorf Bundesathleten/Autogrammkarte Eni Kuske.png,19abf3c620570f18a99f84616f67012211500ef6956c5d395fc86d3d16615e5c,assets/media-library/community/tsv-zirndorf/autogrammkarte-eni-kuske.png,,no-public-derivative-identified,n/a,,Curated source may still be reusable; no verified public derivative is recorded.
cf-df0a03175a85,Sponsoring TSV Zirndorf Bundesathleten/ERFOLGE Amelie Giese.png,df0a03175a8573e31c601bb67b37038ae7070820a1fc3fa8abad1f29fedf3d4a,assets/media-library/community/tsv-zirndorf/erfolge-amelie-giese.png,,no-public-derivative-identified,n/a,,Curated source may still be reusable; no verified public derivative is recorded.
cf-9b77083ae27d,Sponsoring TSV Zirndorf Bundesathleten/LINK zum Beitrag.docx,9b77083ae27d86ea440b39cf9876a07f7fdb7888a3ba46926dfbbe8738d0bacc,docs/source-material/originals/content/sponsoring-tsv-zirndorf-bundesathleten/sponsoring-tsv-zirndorf-bundesathleten/sponsoring-tsv-zirndorf-bundesathleten-link-zum-beitrag.docx,,no-public-derivative-identified,n/a,,Curated source may still be reusable; no verified public derivative is recorded.
cf-7e3bcef04b60,Testimonial Kunden - mit Bild/Frau Berthold/Terrassenwohnung Fürth.jpg,7e3bcef04b60a07c3d2da80ac43b636f719ed6357651aa7acf22113e80ad8b26,assets/media-library/trust/testimonials/frau-berthold/property-photo.jpg,,no-public-derivative-identified,n/a,,Curated source may still be reusable; no verified public derivative is recorded.
cf-d25bfe2a8d0c,Testimonial Kunden - mit Bild/Frau Hartmann/ETW Johannis.jpg,d25bfe2a8d0c141833d5688b7387f1ae1bc4834b3ea23e6c5a31623dce459362,assets/media-library/trust/testimonials/frau-hartmann/property-photo.jpg,,no-public-derivative-identified,n/a,,Curated source may still be reusable; no verified public derivative is recorded.
cf-77ee537080da,Testimonial Kunden - mit Bild/Frau Hartmann/Frau Hartmann.jpg,77ee537080da7ef151ba868a276baebb626bdc8e89828622b3b1143cbdbe1d52,assets/media-library/trust/testimonials/frau-hartmann/illustrative-portrait.jpg,,no-public-derivative-identified,n/a,,Curated source may still be reusable; no verified public derivative is recorded.
cf-72b3720c27a2,Testimonial Kunden - mit Bild/Frau Hartmann/Unbenanntes Dokument.docx,72b3720c27a2be88e35bc15324c2a2a1aafb8654e6446061d29977254a864728,docs/source-material/originals/content/testimonial-kunden-mit-bild/frau-hartmann/testimonial-kunden-mit-bild-frau-hartmann-unbenanntes-dokument.docx,,no-public-derivative-identified,n/a,,Curated source may still be reusable; no verified public derivative is recorded.
cf-309e591f3d0d,Testimonial Kunden - mit Bild/Herr Sippel/Doppelhaushälfte Erlangen.jpg,309e591f3d0de64b1cb4cf5b3c0f504f9a03dda31d3c878f1612bc2267d19d3f,assets/media-library/trust/testimonials/herr-sippel/property-photo.jpg,,no-public-derivative-identified,n/a,,Curated source may still be reusable; no verified public derivative is recorded.
cf-723fcbdb3a80,Testimonial Kunden - mit Bild/Herr Sippel/Unbenanntes Dokument.docx,723fcbdb3a807b8bc8df8c225c3f39c441e2dcfd45a74409987726ccf84f077a,docs/source-material/originals/content/testimonial-kunden-mit-bild/herr-sippel/testimonial-kunden-mit-bild-herr-sippel-unbenanntes-dokument.docx,,no-public-derivative-identified,n/a,,Curated source may still be reusable; no verified public derivative is recorded.
cf-6f867ccb3815,Unternehmensgruppe Immonation/Dream Living/.DS_Store,6f867ccb38155c1164538a1c4c10af4e02eb4456e42ce1286c2b7f30b5250586,,,removed-os-metadata,exact,,Operating-system metadata removed during source cleanup; inventory record retained for provenance.
cf-72bcdb4d863a,Unternehmensgruppe Immonation/Dream Living/Dream Living GmbH Logo (2).png,72bcdb4d863a842fc85235e14bdb824407671b9bc157e69e81532fccf01bbb29,assets/media-library/brand/group/dream-living/dream-living-logo-dream-living-gmbh-logo-2.png,public/images/partners/dream-living.webp,filename-and-visual-inspection,verified-high,src/components/site/home/partners.tsx,Web-ready Dream Living partner-logo derivative.
cf-42dec05af4a9,Unternehmensgruppe Immonation/Dream Living/Logo3.pdf,42dec05af4a97a62cf12cab42ca623daefd2553db3d6e657caf44842af59a975,assets/media-library/brand/group/dream-living/dream-living-logo-logo3.pdf,,no-public-derivative-identified,n/a,,Curated source may still be reusable; no verified public derivative is recorded.
cf-032ce82a05de,Unternehmensgruppe Immonation/Dream Living/logo3.svg,032ce82a05dea416f5eb7667093a990b9741fdcad178036d0e0234bcc74e08c1,assets/media-library/brand/group/dream-living/dream-living-logo-logo3.svg,,no-public-derivative-identified,n/a,,Curated source may still be reusable; no verified public derivative is recorded.
cf-3875dac96f47,Unternehmensgruppe Immonation/Dream Living/Thumbs.db,3875dac96f47eb46a70395acdf3aa3f833193ff6ca156f4e8dde6503c8fe6b4a,,,removed-os-metadata,exact,,Operating-system metadata removed during source cleanup; inventory record retained for provenance.
cf-6345e5cfcac0,Unternehmensgruppe Immonation/Immonation Captial Holding/.DS_Store,6345e5cfcac0f16ab1f03bd75da9e01a4555bea2d77e30c1ded3bbfd0e713eb7,,,removed-os-metadata,exact,,Operating-system metadata removed during source cleanup; inventory record retained for provenance.
cf-e9a2dfead675,Unternehmensgruppe Immonation/IN Beteiligung GmbH/logo1.png,e9a2dfead67570bdc118078a73d94e405a28c9fc31019f193e41a4f757735337,assets/media-library/brand/group/in-beteiligung-gmbh/in-beteiligung-gmbh-logo-logo1.png,public/images/partners/in-beteiligung.webp,filename-and-visual-inspection,verified-high,src/components/site/home/partners.tsx,Web-ready IN Beteiligung partner-logo derivative.
cf-2a6bb9881124,Unternehmensgruppe Immonation/IN Beteiligung GmbH/Thumbs.db,2a6bb9881124520dc03e41c1affd9d845ff6baab8a0d295d24348d3f720b2ddc,,,removed-os-metadata,exact,,Operating-system metadata removed during source cleanup; inventory record retained for provenance.
cf-bdbd077b414e,Verkauft Videos inkl. Ortschaften/VERKAUFT ADELSDORF RMH.mp4,bdbd077b414e9f771dcb58109c100b9aef92cc05b92c1e35401eba90796a93a0,assets/media-library/marketing/sold-clips/sold-adelsdorf-rmh.mp4,,no-public-derivative-identified,n/a,,Curated source may still be reusable; no verified public derivative is recorded.
cf-a88ae0fe6cb6,Verkauft Videos inkl. Ortschaften/VERKAUFT FORCHHEIM ETW.mp4,a88ae0fe6cb630c5a16d925a44cd9b3db15665ec725bc9f135221c5b82e8021e,assets/media-library/marketing/sold-clips/sold-forchheim-etw.mp4,,no-public-derivative-identified,n/a,,Curated source may still be reusable; no verified public derivative is recorded.
cf-8ad1cd3e3765,Verkauft Videos inkl. Ortschaften/VERKAUFT FORCHHEIM TOWNHOUSE.mp4,8ad1cd3e3765a13ab1ab08b937c5961aff01c4ea3292dd87d1c8294cb43cb89b,assets/media-library/marketing/sold-clips/sold-forchheim-townhouse.mp4,,no-public-derivative-identified,n/a,,Curated source may still be reusable; no verified public derivative is recorded.
cf-bfd155c428a4,Verkauft Videos inkl. Ortschaften/VERKAUFT FÜRTH ETW 2.mp4,bfd155c428a4c61e42f97daddc8f8a5dee337c2833f20dfd2942ba622d4efe75,assets/media-library/marketing/sold-clips/sold-fuerth-etw-2.mp4,,no-public-derivative-identified,n/a,,Curated source may still be reusable; no verified public derivative is recorded.
cf-cecd222203d7,Verkauft Videos inkl. Ortschaften/VERKAUFT FÜRTH ETW.mp4,cecd222203d7b1b6a09afb0816a1382551e031ab681ce49d646b2e8cba745a8f,assets/media-library/marketing/sold-clips/sold-fuerth-etw.mp4,,no-public-derivative-identified,n/a,,Curated source may still be reusable; no verified public derivative is recorded.
cf-a13506bf33b0,Verkauft Videos inkl. Ortschaften/VERKAUFT HAGENBÜCHACH EFH.mp4,a13506bf33b089e9787a3883577d560324033c273801dc72b532e7f9d587ff05,assets/media-library/marketing/sold-clips/sold-hagenbuechach-efh.mp4,,no-public-derivative-identified,n/a,,Curated source may still be reusable; no verified public derivative is recorded.
cf-93b299371c69,Verkauft Videos inkl. Ortschaften/VERKAUFT NÜRNBERG EFH.mp4,93b299371c69545d75769f20ccdb5c754bcb93065849eb112490a0f4069d4f30,assets/media-library/marketing/sold-clips/sold-nuernberg-efh.mp4,,no-public-derivative-identified,n/a,,Curated source may still be reusable; no verified public derivative is recorded.
cf-ee81be6ce98d,Verkauft Videos inkl. Ortschaften/VERKAUFT SCHWABACH ETW.mp4,ee81be6ce98de990a727b0132e9449e27a6b488bbd01206c7de82a52eefcb2c4,assets/media-library/marketing/sold-clips/sold-schwabach-etw.mp4,,no-public-derivative-identified,n/a,,Curated source may still be reusable; no verified public derivative is recorded.
cf-d231ef74978c,Verkäufer Feedback Videos/Markus Burkhard/Text Markus Burkhard.docx,d231ef74978c99d83a61dada26201f2ed6e82986ba1cf1fb12c3e15369888ce5,docs/source-material/originals/content/verkaeufer-feedback-videos/markus-burkhard/verkaeufer-feedback-videos-markus-burkhard-text-markus-burkhard.docx,,no-public-derivative-identified,n/a,,Curated source may still be reusable; no verified public derivative is recorded.
cf-96cd5a0ba650,Verkäufer Feedback Videos/Markus Burkhard/Titelbild.jpg,96cd5a0ba65030b00bf59893a576d5dd9a538ebb16d4a45661c5326a23a1da8b,assets/media-library/trust/testimonials/markus-burkhard/thumbnail.jpg,public/images/testimonials/markus-burkhard.webp,identity-and-visual-inspection,verified-high,src/components/site/home/feedback-videos.tsx,Cropped and resized testimonial-poster derivative.
cf-e3e8fe558c41,Verkäufer Feedback Videos/Sandra Börschlein/Titelbild.jpg,e3e8fe558c41270653207c0e2c89842cabb9434cf0f5e7f3b672440024a386bc,assets/media-library/trust/testimonials/sandra-boerschlein/thumbnail.jpg,public/images/testimonials/sandra-boerschlein.webp,identity-and-visual-inspection,verified-high,src/components/site/home/feedback-videos.tsx,Cropped and resized testimonial-poster derivative.
cf-7ef49ca85961,Verkäufer Feedback Videos/Viktor Emter/Interview Viktor Emter.mp4,7ef49ca859612d28ca5e4d97fc6a06878d9bea8c08c202f61c14a52cbc77f038,assets/media-library/trust/testimonials/viktor-emter/interview.mp4,public/videos/testimonials/viktor-emter.mp4,duration-content-and-identity,verified-high,src/components/site/home/feedback-videos.tsx,Web-transcoded derivative; duration matches the 361.7-second source.
cf-ec269bd6607e,Verkäufer Feedback Videos/Viktor Emter/Titelbild Viktor Emter.png,ec269bd6607e9e63a8c2db4b6481fadcab4359ef3060e085336db096d1845be1,assets/media-library/trust/testimonials/viktor-emter/thumbnail.png,public/images/testimonials/viktor-emter.webp,identity-and-visual-inspection,verified-high,src/components/site/home/feedback-videos.tsx,Cropped and resized testimonial-poster derivative.
cf-cc6d198c19d1,Öffnungszeiten-Anfahrt-FAQ/Öffnungszeiten _ Anfahrt _ FAQ.docx,cc6d198c19d1b629ba990a71f8ac0205d74db063d3665f4a17c346f38db95aeb,docs/source-material/originals/content/oeffnungszeiten-anfahrt-faq/oeffnungszeiten-anfahrt-faq/oeffnungszeiten-anfahrt-faq-oeffnungszeiten-anfahrt-faq.docx,,no-public-derivative-identified,n/a,,Curated source may still be reusable; no verified public derivative is recorded.
cf-29acf168e816,Übergabebilder Polaroidkamera/IMG_4937.JPG,29acf168e81658d0512da6b244e2fffb5b2b69b5b5bd2afe085e52be831b5850,assets/media-library/trust/handovers/handover-photo-01.jpg,,no-public-derivative-identified,n/a,,Curated source may still be reusable; no verified public derivative is recorded.
cf-ea6a6f3ea41b,Übergabebilder Polaroidkamera/IMG_4940.JPG,ea6a6f3ea41b9e69920d570802a6229ee55cb90b2e58370c0b89fe3795b4beda,assets/media-library/trust/handovers/handover-photo-02.jpg,,no-public-derivative-identified,n/a,,Curated source may still be reusable; no verified public derivative is recorded.
cf-d6f8261d4e51,Übergabebilder Polaroidkamera/IMG_4943.JPG,d6f8261d4e5154c075a49533f1baa23c705b352e38e7c387fd989067f4a1ee52,assets/media-library/trust/handovers/handover-photo-03.jpg,,no-public-derivative-identified,n/a,,Curated source may still be reusable; no verified public derivative is recorded.
cf-cf22d9470656,Übergabebilder Polaroidkamera/IMG_4947.JPG,cf22d947065689e84042fe4ecfe70abc94532f601e73f775c26f1c0426576b62,assets/media-library/trust/handovers/handover-photo-04.jpg,,no-public-derivative-identified,n/a,,Curated source may still be reusable; no verified public derivative is recorded.
"ref-adelsdorf-reuthseering-cover","media-library/references/adelsdorf/rmh-reuthseering/property-photo-01.jpg","e859af64304c2aa8e6995b804f22f1b3e7604fdcecc009db8e614f079169c0bc","assets/media-library/references/adelsdorf-reuthseering/cover.jpg","public/images/references/adelsdorf-reuthseering/cover.webp","source-folder-reconciliation","verified-high","references.ts; reference-coverage","All source photos are mapped to an optimized public derivative; exact address is not public."
"ref-adelsdorf-reuthseering-gallery-02","media-library/references/adelsdorf/rmh-reuthseering/property-photo-02.jpg","7d7db2566e6ebc6079035f39d103985717186a65883fd214784110f5b365c28d","assets/media-library/references/adelsdorf-reuthseering/gallery-02.jpg","public/images/references/adelsdorf-reuthseering/gallery-02.webp","source-folder-reconciliation","verified-high","references.ts; reference-coverage","All source photos are mapped to an optimized public derivative; exact address is not public."
"ref-adelsdorf-reuthseering-gallery-03","media-library/references/adelsdorf/rmh-reuthseering/property-photo-03.jpg","231f6e3afb9bb8c183c59e0386e8ef418b0d9b8895a91b2de3686d123292ab2b","assets/media-library/references/adelsdorf-reuthseering/gallery-03.jpg","public/images/references/adelsdorf-reuthseering/gallery-03.webp","source-folder-reconciliation","verified-high","references.ts; reference-coverage","All source photos are mapped to an optimized public derivative; exact address is not public."
"ref-deining-neubauwohnung-cover","Referenz Objekte/Deining/ETW Bürgermeister Keckl Str/10.png","599c7d9740f754a53ac55238fd4c1e7478e093e54f460cf9be8e0a57a97f6fdd","assets/media-library/references/deining-neubauwohnung/cover.jpg","public/images/references/deining-neubauwohnung/cover.webp","source-folder-reconciliation","verified-high","references.ts; reference-coverage","All source photos are mapped to an optimized public derivative; exact address is not public."
"ref-deining-neubauwohnung-gallery-02","Referenz Objekte/Deining/ETW Bürgermeister Keckl Str/11.jpg","ec2ff235ff4615608b2939ce4061fd19b400b0dc63645d3bad8bbd3acd8d9724","assets/media-library/references/deining-neubauwohnung/gallery-02.jpg","public/images/references/deining-neubauwohnung/gallery-02.webp","source-folder-reconciliation","verified-high","references.ts; reference-coverage","All source photos are mapped to an optimized public derivative; exact address is not public."
"ref-deining-neubauwohnung-gallery-03","Referenz Objekte/Deining/ETW Bürgermeister Keckl Str/8.png","73951bcf5a407f107eb897ea494c57989812a71de6b449f6bd1a29864170d62d","assets/media-library/references/deining-neubauwohnung/gallery-03.jpg","public/images/references/deining-neubauwohnung/gallery-03.webp","source-folder-reconciliation","verified-high","references.ts; reference-coverage","All source photos are mapped to an optimized public derivative; exact address is not public."
"ref-erlangen-eigentumswohnung-cover","Referenz Objekte/Erlangen/ETW Luise Kisselbach Str/_DSC3092.JPG","8532a14757f8ee5fd41993c0b6a6afefdb6f8d9e031eafd6c632b9bee407a4a2","assets/media-library/references/erlangen-eigentumswohnung/cover.jpg","public/images/references/erlangen-eigentumswohnung/cover.webp","source-folder-reconciliation","verified-high","references.ts; reference-coverage","All source photos are mapped to an optimized public derivative; exact address is not public."
"ref-erlangen-eigentumswohnung-gallery-02","Referenz Objekte/Erlangen/ETW Luise Kisselbach Str/_DSC3112.JPG","fb74678103a641831683eb3a74d848a2657a64ec5288a50aa228b7fe928e9c27","assets/media-library/references/erlangen-eigentumswohnung/gallery-02.jpg","public/images/references/erlangen-eigentumswohnung/gallery-02.webp","source-folder-reconciliation","verified-high","references.ts; reference-coverage","All source photos are mapped to an optimized public derivative; exact address is not public."
"ref-erlangen-eigentumswohnung-gallery-03","Referenz Objekte/Erlangen/ETW Luise Kisselbach Str/_DSC3124.JPG","10c4cbde9dd375744eeadd33550a5054802434774f5123fe74c40ef11bb7deab","assets/media-library/references/erlangen-eigentumswohnung/gallery-03.jpg","public/images/references/erlangen-eigentumswohnung/gallery-03.webp","source-folder-reconciliation","verified-high","references.ts; reference-coverage","All source photos are mapped to an optimized public derivative; exact address is not public."
"ref-forchheim-eigentumswohnung-cover","Referenz Objekte/Forchheim/ETW Spieläcker Str/_DSC2361.JPG","194ee0569312a799e9ec89cce41c5b2b98b51db9dad9fc356ed64f117e2373ad","assets/media-library/references/forchheim-eigentumswohnung/cover.jpg","public/images/references/forchheim-eigentumswohnung/cover.webp","source-folder-reconciliation","verified-high","references.ts; reference-coverage","All source photos are mapped to an optimized public derivative; exact address is not public."
"ref-forchheim-eigentumswohnung-gallery-02","Referenz Objekte/Forchheim/ETW Spieläcker Str/_DSC2369.JPG","d3bbe2c41b1e946ec0f10ccb2687ddb4d27a828ccbcb77f28464fa38cd086f51","assets/media-library/references/forchheim-eigentumswohnung/gallery-02.jpg","public/images/references/forchheim-eigentumswohnung/gallery-02.webp","source-folder-reconciliation","verified-high","references.ts; reference-coverage","All source photos are mapped to an optimized public derivative; exact address is not public."
"ref-forchheim-eigentumswohnung-gallery-03","Referenz Objekte/Forchheim/ETW Spieläcker Str/_DSC2378.JPG","4b3f9c982caac7d0f6848d54e1dba370f206679b14a907f34c02e66cce3f6966","assets/media-library/references/forchheim-eigentumswohnung/gallery-03.jpg","public/images/references/forchheim-eigentumswohnung/gallery-03.webp","source-folder-reconciliation","verified-high","references.ts; reference-coverage","All source photos are mapped to an optimized public derivative; exact address is not public."
"ref-forchheim-reihenhaus-cover","Referenz Objekte/Forchheim/Townhouse Katzensteinstraße/_DSC2205.JPG","d9879aeee4693bfccf11d101d4fb59bfc35c3ddc27fd6d71925b6545acd6ec01","assets/media-library/references/forchheim-reihenhaus/cover.jpg","public/images/references/forchheim-reihenhaus/cover.webp","source-folder-reconciliation","verified-high","references.ts; reference-coverage","All source photos are mapped to an optimized public derivative; exact address is not public."
"ref-forchheim-reihenhaus-gallery-02","Referenz Objekte/Forchheim/Townhouse Katzensteinstraße/_DSC2243.JPG","beb9e4f4af9d0bc322a1a1fe9400bc7e7d52ab14acd1066b3e180c9b2fb58653","assets/media-library/references/forchheim-reihenhaus/gallery-02.jpg","public/images/references/forchheim-reihenhaus/gallery-02.webp","source-folder-reconciliation","verified-high","references.ts; reference-coverage","All source photos are mapped to an optimized public derivative; exact address is not public."
"ref-forchheim-reihenhaus-gallery-03","Referenz Objekte/Forchheim/Townhouse Katzensteinstraße/_DSC2244.JPG","b391b0d2cb08f5f635b43fc06b26bed8ae9a4097ba4a2fdd95441948e6d422fa","assets/media-library/references/forchheim-reihenhaus/gallery-03.jpg","public/images/references/forchheim-reihenhaus/gallery-03.webp","source-folder-reconciliation","verified-high","references.ts; reference-coverage","All source photos are mapped to an optimized public derivative; exact address is not public."
"ref-fuerth-altbauwohnung-cover","Referenz Objekte/Fürth/ETW Kellermannstraße/_DSC0193.JPG","f68a6d845d22b03761948fdd1fa81a92e25823cc76fb710f1e9593be969e3700","assets/media-library/references/fuerth-altbauwohnung/cover.jpg","public/images/references/fuerth-altbauwohnung/cover.webp","source-folder-reconciliation","verified-high","references.ts; reference-coverage","All source photos are mapped to an optimized public derivative; exact address is not public."
"ref-fuerth-altbauwohnung-gallery-02","Referenz Objekte/Fürth/ETW Kellermannstraße/_DSC0204.JPG","ffc7296c03c467c4201a82d30d1d39bff4aac43d05b89b859e5053a6b5c7cf42","assets/media-library/references/fuerth-altbauwohnung/gallery-02.jpg","public/images/references/fuerth-altbauwohnung/gallery-02.webp","source-folder-reconciliation","verified-high","references.ts; reference-coverage","All source photos are mapped to an optimized public derivative; exact address is not public."
"ref-fuerth-altbauwohnung-gallery-03","Referenz Objekte/Fürth/ETW Kellermannstraße/_DSC0209.JPG","9e29134478839be92c5945b1be0473fe33a61a24275819bbd7613822e8fb9fd8","assets/media-library/references/fuerth-altbauwohnung/gallery-03.jpg","public/images/references/fuerth-altbauwohnung/gallery-03.webp","source-folder-reconciliation","verified-high","references.ts; reference-coverage","All source photos are mapped to an optimized public derivative; exact address is not public."
"ref-fuerth-renovierte-wohnung-cover","media-library/references/fuerth/etw-ludwigstrasse/property-photo-01.jpg","7982712d9c8f5c12e29c50d365e9069ba6f34dc6746faf9f5af07270c95e9fd0","assets/media-library/references/fuerth-renovierte-wohnung/cover.jpg","public/images/references/fuerth-renovierte-wohnung/cover.webp","source-folder-reconciliation","verified-high","references.ts; reference-coverage","All source photos are mapped to an optimized public derivative; exact address is not public."
"ref-fuerth-renovierte-wohnung-gallery-02","media-library/references/fuerth/etw-ludwigstrasse/property-photo-02.jpg","7c13153b608223863652db7b628b005ddfb7845c6ed8a90228359c87ccdf3456","assets/media-library/references/fuerth-renovierte-wohnung/gallery-02.jpg","public/images/references/fuerth-renovierte-wohnung/gallery-02.webp","source-folder-reconciliation","verified-high","references.ts; reference-coverage","All source photos are mapped to an optimized public derivative; exact address is not public."
"ref-fuerth-renovierte-wohnung-gallery-03","media-library/references/fuerth/etw-ludwigstrasse/property-photo-03.jpg","9b6be1f87cf31167ee1cf9b5d41cf295649f7fd1cefc834d9713f567298f9ef7","assets/media-library/references/fuerth-renovierte-wohnung/gallery-03.jpg","public/images/references/fuerth-renovierte-wohnung/gallery-03.webp","source-folder-reconciliation","verified-high","references.ts; reference-coverage","All source photos are mapped to an optimized public derivative; exact address is not public."
"ref-fuerth-versorgungszentrum-cover","Referenz Objekte/Fürth/Medizinisches Versorgungszentrum Fürth/_DSC0487.JPG","1ca76d5618cd641cbf8ebc1c5d1ec3cf4170b73220ffda9a183a83c40dcb06b1","assets/media-library/references/fuerth-versorgungszentrum/cover.jpg","public/images/references/fuerth-versorgungszentrum/cover.webp","source-folder-reconciliation","verified-high","references.ts; reference-coverage","All source photos are mapped to an optimized public derivative; exact address is not public."
"ref-fuerth-versorgungszentrum-gallery-02","Referenz Objekte/Fürth/Medizinisches Versorgungszentrum Fürth/_DSC0489.JPG","c05878c8483bf180c17234176b9954ea7fc59191c4c8712a16b877e44ecd65ca","assets/media-library/references/fuerth-versorgungszentrum/gallery-02.jpg","public/images/references/fuerth-versorgungszentrum/gallery-02.webp","source-folder-reconciliation","verified-high","references.ts; reference-coverage","All source photos are mapped to an optimized public derivative; exact address is not public."
"ref-fuerth-versorgungszentrum-gallery-03","Referenz Objekte/Fürth/Medizinisches Versorgungszentrum Fürth/IMG_4728.JPG","943beebf04dce3f15e385272a5e501f86fd85bb3be1b90ded50984364f4bab60","assets/media-library/references/fuerth-versorgungszentrum/gallery-03.jpg","public/images/references/fuerth-versorgungszentrum/gallery-03.webp","source-folder-reconciliation","verified-high","references.ts; reference-coverage","All source photos are mapped to an optimized public derivative; exact address is not public."
"ref-fuerth-mehrfamilienhaus-cover","Referenz Objekte/Fürth/MFH Ottostraße/_DSC2828.JPG","ac60d885f707cf0f1a55198724c0c299cb09017301f0f4b180bd87e17deadcf9","assets/media-library/references/fuerth-mehrfamilienhaus/cover.jpg","public/images/references/fuerth-mehrfamilienhaus/cover.webp","source-folder-reconciliation","verified-high","references.ts; reference-coverage","All source photos are mapped to an optimized public derivative; exact address is not public."
"ref-fuerth-mehrfamilienhaus-gallery-02","Referenz Objekte/Fürth/MFH Ottostraße/_DSC2833.JPG","a7d985cd14c1165fcc6af9bb6538e835b8f96c387cc0cd068137fecd998f015a","assets/media-library/references/fuerth-mehrfamilienhaus/gallery-02.jpg","public/images/references/fuerth-mehrfamilienhaus/gallery-02.webp","source-folder-reconciliation","verified-high","references.ts; reference-coverage","All source photos are mapped to an optimized public derivative; exact address is not public."
"ref-fuerth-mehrfamilienhaus-gallery-03","Referenz Objekte/Fürth/MFH Ottostraße/_DSC2845.JPG","a18317257f566db90c35b8ab5582c65f59c491c9033dad115d312886bc0c8ab4","assets/media-library/references/fuerth-mehrfamilienhaus/gallery-03.jpg","public/images/references/fuerth-mehrfamilienhaus/gallery-03.webp","source-folder-reconciliation","verified-high","references.ts; reference-coverage","All source photos are mapped to an optimized public derivative; exact address is not public."
"ref-hagenbuechach-hausaeckern-cover","Referenz Objekte/Hagenbüchach/An den Hausäckern/_DSC7081.jpg","56bc8475e28f662bce689c82ea7e71a4086a18ae868862a21321495d1a490a9d","assets/media-library/references/hagenbuechach-hausaeckern/cover.jpg","public/images/references/hagenbuechach-hausaeckern/cover.webp","source-folder-reconciliation","verified-high","references.ts; reference-coverage","All source photos are mapped to an optimized public derivative; exact address is not public."
"ref-hagenbuechach-hausaeckern-gallery-02","Referenz Objekte/Hagenbüchach/An den Hausäckern/_DSC7141.jpg","afe62d08bf0ce0a46da67e4dbf54a81afe4880311dd4ff0d23eb84902c46e8e1","assets/media-library/references/hagenbuechach-hausaeckern/gallery-02.jpg","public/images/references/hagenbuechach-hausaeckern/gallery-02.webp","source-folder-reconciliation","verified-high","references.ts; reference-coverage","All source photos are mapped to an optimized public derivative; exact address is not public."
"ref-hagenbuechach-hausaeckern-gallery-03","Referenz Objekte/Hagenbüchach/An den Hausäckern/DJI_0084.jpg","83f54707bf2de05176275e0500fa8140c9592191df29e5f4cbcdce70ce72874a","assets/media-library/references/hagenbuechach-hausaeckern/gallery-03.jpg","public/images/references/hagenbuechach-hausaeckern/gallery-03.webp","source-folder-reconciliation","verified-high","references.ts; reference-coverage","All source photos are mapped to an optimized public derivative; exact address is not public."
"ref-heroldsbach-mehrfamilienhaus-cover","Referenz Objekte/Heroldsbach/ZFH Am Vogelherd/_DSC3863.jpg","3aca95e7ef7abba880604efffda8d6e2d50ab690eca66d5c501c9fa429299db5","assets/media-library/references/heroldsbach-mehrfamilienhaus/cover.jpg","public/images/references/heroldsbach-mehrfamilienhaus/cover.webp","source-folder-reconciliation","verified-high","references.ts; reference-coverage","All source photos are mapped to an optimized public derivative; exact address is not public."
"ref-heroldsbach-mehrfamilienhaus-gallery-02","Referenz Objekte/Heroldsbach/ZFH Am Vogelherd/_DSC3864.jpg","021ae28409bcda6f35b5024a86c943660f0eaef016835c01d747f5a81807fa06","assets/media-library/references/heroldsbach-mehrfamilienhaus/gallery-02.jpg","public/images/references/heroldsbach-mehrfamilienhaus/gallery-02.webp","source-folder-reconciliation","verified-high","references.ts; reference-coverage","All source photos are mapped to an optimized public derivative; exact address is not public."
"ref-heroldsbach-mehrfamilienhaus-gallery-03","Referenz Objekte/Heroldsbach/ZFH Am Vogelherd/_DSC3877.jpg","9bcb5d232cde1b86f373bf130b2418b9b864519676d3a1cdd5999d08231aeb46","assets/media-library/references/heroldsbach-mehrfamilienhaus/gallery-03.jpg","public/images/references/heroldsbach-mehrfamilienhaus/gallery-03.webp","source-folder-reconciliation","verified-high","references.ts; reference-coverage","All source photos are mapped to an optimized public derivative; exact address is not public."
"ref-herzogenaurach-schuetzengraben-cover","Referenz Objekte/Herzogenaurach/Schützengraben/_DSC2571.JPG","896ed0f454b383fbd8e6008419473fbfbc8574ea000d00b08edae074f40dc1ed","assets/media-library/references/herzogenaurach-schuetzengraben/cover.jpg","public/images/references/herzogenaurach-schuetzengraben/cover.webp","source-folder-reconciliation","verified-high","references.ts; reference-coverage","All source photos are mapped to an optimized public derivative; exact address is not public."
"ref-herzogenaurach-schuetzengraben-gallery-02","Referenz Objekte/Herzogenaurach/Schützengraben/666666666666666.JPG","5d3678430b2fded94fee52c3c73bcc31dcb7dd58be4f1ad868ddb89118c79ee7","assets/media-library/references/herzogenaurach-schuetzengraben/gallery-02.jpg","public/images/references/herzogenaurach-schuetzengraben/gallery-02.webp","source-folder-reconciliation","verified-high","references.ts; reference-coverage","All source photos are mapped to an optimized public derivative; exact address is not public."
"ref-herzogenaurach-schuetzengraben-gallery-03","Referenz Objekte/Herzogenaurach/Schützengraben/88888888888888.JPG","e2ca706be03fc125c33f0e90b7ab0b3354295a9c9f434df8eae55feedb8b6d3a","assets/media-library/references/herzogenaurach-schuetzengraben/gallery-03.jpg","public/images/references/herzogenaurach-schuetzengraben/gallery-03.webp","source-folder-reconciliation","verified-high","references.ts; reference-coverage","All source photos are mapped to an optimized public derivative; exact address is not public."
"ref-langenzenn-terrassenwohnung-cover","Referenz Objekte/Langenzenn/ETW Lenzenstraße/1111111.JPG","87a4b4292adb43294eb1bcb842ebfc7efc1f3e244778607fab0f56f9049324c6","assets/media-library/references/langenzenn-terrassenwohnung/cover.jpg","public/images/references/langenzenn-terrassenwohnung/cover.webp","source-folder-reconciliation","verified-high","references.ts; reference-coverage","All source photos are mapped to an optimized public derivative; exact address is not public."
"ref-langenzenn-terrassenwohnung-gallery-02","Referenz Objekte/Langenzenn/ETW Lenzenstraße/11111111.JPG","e8550cb35c95a460369b2b57dc354be40418534eebbfb313f0cc7c04d699efb9","assets/media-library/references/langenzenn-terrassenwohnung/gallery-02.jpg","public/images/references/langenzenn-terrassenwohnung/gallery-02.webp","source-folder-reconciliation","verified-high","references.ts; reference-coverage","All source photos are mapped to an optimized public derivative; exact address is not public."
"ref-langenzenn-terrassenwohnung-gallery-03","Referenz Objekte/Langenzenn/ETW Lenzenstraße/9999999.JPG","895ef201e078a4231d2c98084f0ba9f7b1dd6c5536d0dc5c1287374da5e2db01","assets/media-library/references/langenzenn-terrassenwohnung/gallery-03.jpg","public/images/references/langenzenn-terrassenwohnung/gallery-03.webp","source-folder-reconciliation","verified-high","references.ts; reference-coverage","All source photos are mapped to an optimized public derivative; exact address is not public."
"ref-nuernberg-willy-wunder-cover","Referenz Objekte/Nürnberg/DHH Willy Wunder Str/_DSC8986.jpg","676afdbb8d15ee9f6abee439996589aa21ed344407016a6c445cf5b0fcf1c149","assets/media-library/references/nuernberg-willy-wunder/cover.jpg","public/images/references/nuernberg-willy-wunder/cover.webp","source-folder-reconciliation","verified-high","references.ts; reference-coverage","All source photos are mapped to an optimized public derivative; exact address is not public."
"ref-nuernberg-willy-wunder-gallery-02","Referenz Objekte/Nürnberg/DHH Willy Wunder Str/_DSC8987.jpg","bc262bd59ae3bbc718893b43c2efccb61238d39ee5f4c283b338a48d2ad8723b","assets/media-library/references/nuernberg-willy-wunder/gallery-02.jpg","public/images/references/nuernberg-willy-wunder/gallery-02.webp","source-folder-reconciliation","verified-high","references.ts; reference-coverage","All source photos are mapped to an optimized public derivative; exact address is not public."
"ref-nuernberg-willy-wunder-gallery-03","Referenz Objekte/Nürnberg/DHH Willy Wunder Str/_DSC9035-HDR.jpg","3957b78b98904745b0c35ea2f2d7fc819d8c3e7dc8f71c48ec3d81e033d6d427","assets/media-library/references/nuernberg-willy-wunder/gallery-03.jpg","public/images/references/nuernberg-willy-wunder/gallery-03.webp","source-folder-reconciliation","verified-high","references.ts; reference-coverage","All source photos are mapped to an optimized public derivative; exact address is not public."
"ref-nuernberg-einfamilienhaus-cover","Referenz Objekte/Nürnberg/EFH Seidelbastweg/_DSC3904.jpg","25e14d28ba1bdb79b7d2531bd1506c9594335f24c453dc0364998a6e14b00ea5","assets/media-library/references/nuernberg-einfamilienhaus/cover.jpg","public/images/references/nuernberg-einfamilienhaus/cover.webp","source-folder-reconciliation","verified-high","references.ts; reference-coverage","All source photos are mapped to an optimized public derivative; exact address is not public."
"ref-nuernberg-einfamilienhaus-gallery-02","Referenz Objekte/Nürnberg/EFH Seidelbastweg/_DSC3946.jpg","03cc24b434651b7095b0379891295471276dcce5e063b6eea52f5b55064173cd","assets/media-library/references/nuernberg-einfamilienhaus/gallery-02.jpg","public/images/references/nuernberg-einfamilienhaus/gallery-02.webp","source-folder-reconciliation","verified-high","references.ts; reference-coverage","All source photos are mapped to an optimized public derivative; exact address is not public."
"ref-nuernberg-einfamilienhaus-gallery-03","Referenz Objekte/Nürnberg/EFH Seidelbastweg/DJI_0028-2.jpg","f953cf66b9949229e68544a0f87b99fd7c7083bdf326163bac9b3b3cc39fb0e5","assets/media-library/references/nuernberg-einfamilienhaus/gallery-03.jpg","public/images/references/nuernberg-einfamilienhaus/gallery-03.webp","source-folder-reconciliation","verified-high","references.ts; reference-coverage","All source photos are mapped to an optimized public derivative; exact address is not public."
"ref-nuernberg-neutrograben-cover","Referenz Objekte/Nürnberg/ETW Neutrograben/_DSC1460.JPG","d40e8ba10e8fdbaa81b2b9447b33f3772bf2449c8ea1a863c7656bbbf747226b","assets/media-library/references/nuernberg-neutrograben/cover.jpg","public/images/references/nuernberg-neutrograben/cover.webp","source-folder-reconciliation","verified-high","references.ts; reference-coverage","All source photos are mapped to an optimized public derivative; exact address is not public."
"ref-nuernberg-neutrograben-gallery-02","Referenz Objekte/Nürnberg/ETW Neutrograben/_DSC1466.JPG","6b5133c57532db507e254f03266fe270ad858f277ee3d5e22c8012594cd06d35","assets/media-library/references/nuernberg-neutrograben/gallery-02.jpg","public/images/references/nuernberg-neutrograben/gallery-02.webp","source-folder-reconciliation","verified-high","references.ts; reference-coverage","All source photos are mapped to an optimized public derivative; exact address is not public."
"ref-nuernberg-neutrograben-gallery-03","Referenz Objekte/Nürnberg/ETW Neutrograben/_DSC1492.JPG","b5df6f6da8857268c0f3fc5fd74bdf6ccc26b2b7a27acc64738117e6d232aaf4","assets/media-library/references/nuernberg-neutrograben/gallery-03.jpg","public/images/references/nuernberg-neutrograben/gallery-03.webp","source-folder-reconciliation","verified-high","references.ts; reference-coverage","All source photos are mapped to an optimized public derivative; exact address is not public."
"ref-nuernberg-eigentumswohnung-cover","Referenz Objekte/Nürnberg/ETW Stabiusstraße/_DSC6008.jpg","82be849d4acec1c4b836d4098b30186db4d5b884b331383ec0f89e8f686e7e53","assets/media-library/references/nuernberg-eigentumswohnung/cover.jpg","public/images/references/nuernberg-eigentumswohnung/cover.webp","source-folder-reconciliation","verified-high","references.ts; reference-coverage","All source photos are mapped to an optimized public derivative; exact address is not public."
"ref-nuernberg-eigentumswohnung-gallery-02","Referenz Objekte/Nürnberg/ETW Stabiusstraße/_DSC6043.jpg","993f17fe36fab2057fdb5abf830119449c12ead85c1ad3ce51b9adfc6db946f3","assets/media-library/references/nuernberg-eigentumswohnung/gallery-02.jpg","public/images/references/nuernberg-eigentumswohnung/gallery-02.webp","source-folder-reconciliation","verified-high","references.ts; reference-coverage","All source photos are mapped to an optimized public derivative; exact address is not public."
"ref-nuernberg-eigentumswohnung-gallery-03","Referenz Objekte/Nürnberg/ETW Stabiusstraße/_DSC6056.jpg","6ecfd8360f6b81005c7adb290b723929968efbb30e07f712036297d61743c245","assets/media-library/references/nuernberg-eigentumswohnung/gallery-03.jpg","public/images/references/nuernberg-eigentumswohnung/gallery-03.webp","source-folder-reconciliation","verified-high","references.ts; reference-coverage","All source photos are mapped to an optimized public derivative; exact address is not public."
"ref-nuernberg-zuericher-52-cover","Referenz Objekte/Nürnberg/ETW Züricher Str 52/_DSC4489.jpg","f67bc7bde5d44733717e2a08af71728526659e55c0bfa2a9d8ea16e73e10d544","assets/media-library/references/nuernberg-zuericher-52/cover.jpg","public/images/references/nuernberg-zuericher-52/cover.webp","source-folder-reconciliation","verified-high","references.ts; reference-coverage","All source photos are mapped to an optimized public derivative; exact address is not public."
"ref-nuernberg-zuericher-52-gallery-02","Referenz Objekte/Nürnberg/ETW Züricher Str 52/_DSC4500.jpg","feeeaa46328e6bb2bae9fb1c87c8398b5b78b718374d8f4e1d0e40412f4504ad","assets/media-library/references/nuernberg-zuericher-52/gallery-02.jpg","public/images/references/nuernberg-zuericher-52/gallery-02.webp","source-folder-reconciliation","verified-high","references.ts; reference-coverage","All source photos are mapped to an optimized public derivative; exact address is not public."
"ref-nuernberg-zuericher-52-gallery-03","Referenz Objekte/Nürnberg/ETW Züricher Str 52/_DSC4509.jpg","e304d901220634e45c7c51332f2f46b58b04d7d3c721d9f0550a9c7bd76f67a4","assets/media-library/references/nuernberg-zuericher-52/gallery-03.jpg","public/images/references/nuernberg-zuericher-52/gallery-03.webp","source-folder-reconciliation","verified-high","references.ts; reference-coverage","All source photos are mapped to an optimized public derivative; exact address is not public."
"ref-nuernberg-zuericher-40-cover","Referenz Objekte/Nürnberg/ETW Züricher Str. 40/_DSC5185.jpg","8e915d4b504e2ce340e768d9abd8f49cb1ede5057525453f75e96f2687a3ccd6","assets/media-library/references/nuernberg-zuericher-40/cover.jpg","public/images/references/nuernberg-zuericher-40/cover.webp","source-folder-reconciliation","verified-high","references.ts; reference-coverage","All source photos are mapped to an optimized public derivative; exact address is not public."
"ref-nuernberg-zuericher-40-gallery-02","Referenz Objekte/Nürnberg/ETW Züricher Str. 40/_DSC5188.jpg","c6d49c6e7976cfee3de7bc28ac45ee90226b196249ac62a1b9ed876ec52af56c","assets/media-library/references/nuernberg-zuericher-40/gallery-02.jpg","public/images/references/nuernberg-zuericher-40/gallery-02.webp","source-folder-reconciliation","verified-high","references.ts; reference-coverage","All source photos are mapped to an optimized public derivative; exact address is not public."
"ref-nuernberg-zuericher-40-gallery-03","Referenz Objekte/Nürnberg/ETW Züricher Str. 40/_DSC5197.jpg","03c2eba98e657dedc6f953f997b57aa034e5f5a89aa9047da043573bdb0cd979","assets/media-library/references/nuernberg-zuericher-40/gallery-03.jpg","public/images/references/nuernberg-zuericher-40/gallery-03.webp","source-folder-reconciliation","verified-high","references.ts; reference-coverage","All source photos are mapped to an optimized public derivative; exact address is not public."
"ref-nuernberg-reihenendhaus-cover","Referenz Objekte/Nürnberg/REH Siebenbürger Str/_DSC2275.JPG","223f1e9c4644da1bc15d92f4eca61c78ff20c84c527fcb2a2576b504b80b456e","assets/media-library/references/nuernberg-reihenendhaus/cover.jpg","public/images/references/nuernberg-reihenendhaus/cover.webp","source-folder-reconciliation","verified-high","references.ts; reference-coverage","All source photos are mapped to an optimized public derivative; exact address is not public."
"ref-nuernberg-reihenendhaus-gallery-02","Referenz Objekte/Nürnberg/REH Siebenbürger Str/_DSC2298.JPG","4ba2eb8ca223677fdd75d3be7ba9b6412b856c3be6840b537a85269e1e74e858","assets/media-library/references/nuernberg-reihenendhaus/gallery-02.jpg","public/images/references/nuernberg-reihenendhaus/gallery-02.webp","source-folder-reconciliation","verified-high","references.ts; reference-coverage","All source photos are mapped to an optimized public derivative; exact address is not public."
"ref-nuernberg-reihenendhaus-gallery-03","Referenz Objekte/Nürnberg/REH Siebenbürger Str/_DSC2299.JPG","6dd1f8a6582411778e7a8dd1fa6dd37623e4ab8902da81c2f7d8e4fab52c686f","assets/media-library/references/nuernberg-reihenendhaus/gallery-03.jpg","public/images/references/nuernberg-reihenendhaus/gallery-03.webp","source-folder-reconciliation","verified-high","references.ts; reference-coverage","All source photos are mapped to an optimized public derivative; exact address is not public."
"ref-nuernberg-haderastrasse-cover","Referenz Objekte/Nürnberg/RMH Haderastraße/_DSC9314.jpg","33df4e98c56334f5ca5fadf95878ab47ff5416c21400621bd14223b1a686489a","assets/media-library/references/nuernberg-haderastrasse/cover.jpg","public/images/references/nuernberg-haderastrasse/cover.webp","source-folder-reconciliation","verified-high","references.ts; reference-coverage","All source photos are mapped to an optimized public derivative; exact address is not public."
"ref-nuernberg-haderastrasse-gallery-02","Referenz Objekte/Nürnberg/RMH Haderastraße/_DSC9345-HDR.jpg","6eb31ac92d0105c7bf4c618a5a27ebd058fd88267289d938136c6d33e3c25978","assets/media-library/references/nuernberg-haderastrasse/gallery-02.jpg","public/images/references/nuernberg-haderastrasse/gallery-02.webp","source-folder-reconciliation","verified-high","references.ts; reference-coverage","All source photos are mapped to an optimized public derivative; exact address is not public."
"ref-nuernberg-haderastrasse-gallery-03","Referenz Objekte/Nürnberg/RMH Haderastraße/_DSC9382.jpg","c164ce4fe36cf0ad73a85ab9ea30a08105681f47425efd7a5df312370fd15406","assets/media-library/references/nuernberg-haderastrasse/gallery-03.jpg","public/images/references/nuernberg-haderastrasse/gallery-03.webp","source-folder-reconciliation","verified-high","references.ts; reference-coverage","All source photos are mapped to an optimized public derivative; exact address is not public."
"ref-nuernberg-woernitzstrasse-cover","Referenz Objekte/Nürnberg/RMH Wörnitzstraße/_DSC6085.jpg","44d16f19c71f3c59feb937cbe12aee4c2627e666b001b7b86ca46095d9af953d","assets/media-library/references/nuernberg-woernitzstrasse/cover.jpg","public/images/references/nuernberg-woernitzstrasse/cover.webp","source-folder-reconciliation","verified-high","references.ts; reference-coverage","All source photos are mapped to an optimized public derivative; exact address is not public."
"ref-nuernberg-woernitzstrasse-gallery-02","Referenz Objekte/Nürnberg/RMH Wörnitzstraße/_DSC6135.jpg","9ee2a26309893d32c2f798234754914aa0f15088fef01b87648bdf1739a070b1","assets/media-library/references/nuernberg-woernitzstrasse/gallery-02.jpg","public/images/references/nuernberg-woernitzstrasse/gallery-02.webp","source-folder-reconciliation","verified-high","references.ts; reference-coverage","All source photos are mapped to an optimized public derivative; exact address is not public."
"ref-nuernberg-woernitzstrasse-gallery-03","Referenz Objekte/Nürnberg/RMH Wörnitzstraße/_DSC6154.jpg","b0bc06c41d3b9a33a4873b2445f40582cb10ca5f3922a092270bf3d2187373ec","assets/media-library/references/nuernberg-woernitzstrasse/gallery-03.jpg","public/images/references/nuernberg-woernitzstrasse/gallery-03.webp","source-folder-reconciliation","verified-high","references.ts; reference-coverage","All source photos are mapped to an optimized public derivative; exact address is not public."
"ref-oberasbach-einfamilienhaus-cover","Referenz Objekte/Oberasbach/EFH Bucher Straße/22222222.JPG","a636c4a54be0c40cf3c424c7f9bed28521d026deaa11e5c70fe52678e408723b","assets/media-library/references/oberasbach-einfamilienhaus/cover.jpg","public/images/references/oberasbach-einfamilienhaus/cover.webp","source-folder-reconciliation","verified-high","references.ts; reference-coverage","All source photos are mapped to an optimized public derivative; exact address is not public."
"ref-oberasbach-einfamilienhaus-gallery-02","Referenz Objekte/Oberasbach/EFH Bucher Straße/555555,555.JPG","ee352850b1605762226459434bab1286a1137cf727f64e683ccb1d6c72886e45","assets/media-library/references/oberasbach-einfamilienhaus/gallery-02.jpg","public/images/references/oberasbach-einfamilienhaus/gallery-02.webp","source-folder-reconciliation","verified-high","references.ts; reference-coverage","All source photos are mapped to an optimized public derivative; exact address is not public."
"ref-oberasbach-einfamilienhaus-gallery-03","Referenz Objekte/Oberasbach/EFH Bucher Straße/5555555.JPG","d0070606258078f03b2525bae8264023c4eb3c2b2337d2160b8bc90d6cdcb43c","assets/media-library/references/oberasbach-einfamilienhaus/gallery-03.jpg","public/images/references/oberasbach-einfamilienhaus/gallery-03.webp","source-folder-reconciliation","verified-high","references.ts; reference-coverage","All source photos are mapped to an optimized public derivative; exact address is not public."
"ref-schwabach-abenberger-cover","Referenz Objekte/Schwabach/ETW Abenberger Straße/_DSC7207.jpg","0b8afbdc4e14e3f9e6393e9733e74e9167a5837df41b4f952956bd93a84627ba","assets/media-library/references/schwabach-abenberger/cover.jpg","public/images/references/schwabach-abenberger/cover.webp","source-folder-reconciliation","verified-high","references.ts; reference-coverage","All source photos are mapped to an optimized public derivative; exact address is not public."
"ref-schwabach-abenberger-gallery-02","Referenz Objekte/Schwabach/ETW Abenberger Straße/_DSC7221.jpg","6a5edb8871c0395cbc21b93bcc5f1b1ff5f1b0be279c9e4b069d94e591d1bbda","assets/media-library/references/schwabach-abenberger/gallery-02.jpg","public/images/references/schwabach-abenberger/gallery-02.webp","source-folder-reconciliation","verified-high","references.ts; reference-coverage","All source photos are mapped to an optimized public derivative; exact address is not public."
"ref-schwabach-abenberger-gallery-03","Referenz Objekte/Schwabach/ETW Abenberger Straße/_DSC7243.jpg","b5da3906f2552023a7d6143e6136de857b292101eb1ee4ca503f1c36c2fa3ec8","assets/media-library/references/schwabach-abenberger/gallery-03.jpg","public/images/references/schwabach-abenberger/gallery-03.webp","source-folder-reconciliation","verified-high","references.ts; reference-coverage","All source photos are mapped to an optimized public derivative; exact address is not public."
"ref-zirndorf-carl-benz-cover","Referenz Objekte/Zirndorf/Carl Benz Straße/_DSC6962.jpg","847355bd3dd7d63ea371869fe36a945a1ba9d90a1f3ee266dc908c8e845d2254","assets/media-library/references/zirndorf-carl-benz/cover.jpg","public/images/references/zirndorf-carl-benz/cover.webp","source-folder-reconciliation","verified-high","references.ts; reference-coverage","All source photos are mapped to an optimized public derivative; exact address is not public."
"ref-zirndorf-carl-benz-gallery-02","Referenz Objekte/Zirndorf/Carl Benz Straße/DJI_0071.jpg","d4b085a1681a3de68185c6ddc1be959c13cc6bdeb9aa09bcb38cecc4eb4f9e41","assets/media-library/references/zirndorf-carl-benz/gallery-02.jpg","public/images/references/zirndorf-carl-benz/gallery-02.webp","source-folder-reconciliation","verified-high","references.ts; reference-coverage","All source photos are mapped to an optimized public derivative; exact address is not public."
"ref-zirndorf-carl-benz-gallery-03","Referenz Objekte/Zirndorf/Carl Benz Straße/DJI_0075.jpg","6be03967d0d5c0c7b5461c75e9468ce25e564b6045b1e232814ae2f588a8157b","assets/media-library/references/zirndorf-carl-benz/gallery-03.jpg","public/images/references/zirndorf-carl-benz/gallery-03.webp","source-folder-reconciliation","verified-high","references.ts; reference-coverage","All source photos are mapped to an optimized public derivative; exact address is not public."
"ref-zirndorf-gutenbergstrasse-cover","Referenz Objekte/Zirndorf/Gutenbergstraße/_DSC4622.jpg","21373cb91616a28271db75592eeb568cd8dee639a1cbcc8773f0cc60ccf14184","assets/media-library/references/zirndorf-gutenbergstrasse/cover.jpg","public/images/references/zirndorf-gutenbergstrasse/cover.webp","source-folder-reconciliation","verified-high","references.ts; reference-coverage","All source photos are mapped to an optimized public derivative; exact address is not public."
"ref-zirndorf-gutenbergstrasse-gallery-02","Referenz Objekte/Zirndorf/Gutenbergstraße/_DSC4624.jpg","4e58980408cd1e350f9d09f0916d852a048b16ba77e77fd9e23eb264836118c5","assets/media-library/references/zirndorf-gutenbergstrasse/gallery-02.jpg","public/images/references/zirndorf-gutenbergstrasse/gallery-02.webp","source-folder-reconciliation","verified-high","references.ts; reference-coverage","All source photos are mapped to an optimized public derivative; exact address is not public."
"ref-zirndorf-gutenbergstrasse-gallery-03","Referenz Objekte/Zirndorf/Gutenbergstraße/_DSC4645.jpg","75f2f8ec94d1a2e4f0e4ab12316bc03665ce5129d905f77e9504a365fbd72a1b","assets/media-library/references/zirndorf-gutenbergstrasse/gallery-03.jpg","public/images/references/zirndorf-gutenbergstrasse/gallery-03.webp","source-folder-reconciliation","verified-high","references.ts; reference-coverage","All source photos are mapped to an optimized public derivative; exact address is not public."
"ref-zirndorf-homburger-cover","Referenz Objekte/Zirndorf/Homburger Str/_DSC1834.JPG","f7c845c13549b6d0ce65598f222e7d07f44e005d3f32d2542911e906aad19827","assets/media-library/references/zirndorf-homburger/cover.jpg","public/images/references/zirndorf-homburger/cover.webp","source-folder-reconciliation","verified-high","references.ts; reference-coverage","All source photos are mapped to an optimized public derivative; exact address is not public."
"ref-zirndorf-homburger-gallery-02","Referenz Objekte/Zirndorf/Homburger Str/_DSC1853.JPG","9da02ac67c1b3775e68c3731b555813814743b84b370530b6897b94af0367ad0","assets/media-library/references/zirndorf-homburger/gallery-02.jpg","public/images/references/zirndorf-homburger/gallery-02.webp","source-folder-reconciliation","verified-high","references.ts; reference-coverage","All source photos are mapped to an optimized public derivative; exact address is not public."
"ref-zirndorf-homburger-gallery-03","Referenz Objekte/Zirndorf/Homburger Str/_DSC1854.JPG","272c4bbf894a617d443d4487f29b67b040100a4dbf7ef1ff8fbdc35bdd3c989c","assets/media-library/references/zirndorf-homburger/gallery-03.jpg","public/images/references/zirndorf-homburger/gallery-03.webp","source-folder-reconciliation","verified-high","references.ts; reference-coverage","All source photos are mapped to an optimized public derivative; exact address is not public."
"ref-zirndorf-marienbader-cover","Referenz Objekte/Zirndorf/Marienbader Str/_DSC2622.JPG","ddee11fa1c2f4ed599918c78b98e290078c500c596eaadde5eaadd750a289274","assets/media-library/references/zirndorf-marienbader/cover.jpg","public/images/references/zirndorf-marienbader/cover.webp","source-folder-reconciliation","verified-high","references.ts; reference-coverage","All source photos are mapped to an optimized public derivative; exact address is not public."
"ref-zirndorf-marienbader-gallery-02","Referenz Objekte/Zirndorf/Marienbader Str/_DSC2643.JPG","e8cc4cdbe7f19474c697385f8d2c3ba3c6be8d58d1d48532522ad38d6062f9c2","assets/media-library/references/zirndorf-marienbader/gallery-02.jpg","public/images/references/zirndorf-marienbader/gallery-02.webp","source-folder-reconciliation","verified-high","references.ts; reference-coverage","All source photos are mapped to an optimized public derivative; exact address is not public."
"ref-zirndorf-marienbader-gallery-03","Referenz Objekte/Zirndorf/Marienbader Str/4444.JPG","b9ebe2a12a215f4b0f18708db3d210d5ae1368e5e0e359cd7caf884fece7a2ac","assets/media-library/references/zirndorf-marienbader/gallery-03.jpg","public/images/references/zirndorf-marienbader/gallery-03.webp","source-folder-reconciliation","verified-high","references.ts; reference-coverage","All source photos are mapped to an optimized public derivative; exact address is not public."
"ref-zirndorf-gartenwohnung-cover","Referenz Objekte/Zirndorf/Vogelherdstraße/_DSC7024.jpg","84f9d4bb45e0bfd764856513683b7ccf17adaf59fb47aaf2a5c73f46a8b2ac7c","assets/media-library/references/zirndorf-gartenwohnung/cover.jpg","public/images/references/zirndorf-gartenwohnung/cover.webp","source-folder-reconciliation","verified-high","references.ts; reference-coverage","All source photos are mapped to an optimized public derivative; exact address is not public."
"ref-zirndorf-gartenwohnung-gallery-02","Referenz Objekte/Zirndorf/Vogelherdstraße/_DSC7051.jpg","d1359bc4509eef9bb3974ab17e28ea854564551b18a4bff720139af1f5253575","assets/media-library/references/zirndorf-gartenwohnung/gallery-02.jpg","public/images/references/zirndorf-gartenwohnung/gallery-02.webp","source-folder-reconciliation","verified-high","references.ts; reference-coverage","All source photos are mapped to an optimized public derivative; exact address is not public."
"ref-zirndorf-gartenwohnung-gallery-03","Referenz Objekte/Zirndorf/Vogelherdstraße/DJI_0083.jpg","0bb3326b1363bea4bf6ee53db22ab91f3d2c88ad2b1a063c7378fda96bbfa6f4","assets/media-library/references/zirndorf-gartenwohnung/gallery-03.jpg","public/images/references/zirndorf-gartenwohnung/gallery-03.webp","source-folder-reconciliation","verified-high","references.ts; reference-coverage","All source photos are mapped to an optimized public derivative; exact address is not public."
"property-video-nuernberg-woernitzstrasse","Objektvideo-Präsentation/Wörnitzstr.mov","de303ccec7406c52d91637b73c93f2743336898c5bd09ba1827fc794a99aa75e","","public/videos/property-tours/nuernberg-woernitzstrasse.mp4","direct-transcode","verified-high","property-videos.ts; social/property-tour.tsx","38 s vertical property tour, transcoded to 1080x1920 H.264/AAC for the web. Same property as reference nuernberg-woernitzstrasse. Music bed only, no speech, so no caption track. Burnt-in title card names the district; a house number is briefly legible around 0:01 — finer than the reference record locationPrecision ""city-area"", client's own social-media edit."
"property-video-nuernberg-woernitzstrasse-poster","Objektvideo-Präsentation/Wörnitzstr.mov","de303ccec7406c52d91637b73c93f2743336898c5bd09ba1827fc794a99aa75e","","public/videos/property-tours/nuernberg-woernitzstrasse-poster.webp","direct-transcode","verified-high","property-videos.ts; social/property-tour.tsx","WebP still from 0:09 of the transcode; interior frame carries no address detail."
